observedRate,empirical p-value,theoretical p-value
0.13,0.148086,0.158655253931457
0.11,0.327504,0.369441340181764
0.06,0.92284,0.908788780274132
0.11,0.327669,0.369441340181764
